id,speaker,demographic,left_context,kwic,right_context,category,note
0,Frances,White::British,. and erm . yeah he worked hard . yeah poor old dad he died when he was eighty eight mum was eighty eight [gosh ] they've been,dead,thirty years don't seem possible . and did your mum ever work? yes she had to work when the war came [right ] when the war,literal,they've been dead thirty years - relative
1,Frances,White::British,and i worked for the engineers then and as we came down all the engineers was looking after the kids and the teacher was in a,dead,"panic cos all these men was touching the kids .. i used to say ""hes alright he's one of my engineers he's keeping the",intensifier,dead panic - fixed intensifier meaning total panic
2,Monty,White::British,used to go . when his parents died or his grandparents died you know to say er um kaddish which is er the prayer for the,dead,[mm ] and um apart from that i mean they weren't his parents were orthodox . very orthodox . [yeah ] very very orthodox but,literal,prayer for the dead - the deceased
3,Joyce,White::British,i've had a happy life yeah i have got nothing to complain about apart from you know losing my husband and er erm hes been,dead,aout fourteen years this year so er yeah . apart from that cos we'd got such plans we were going to go to hawaii for our ruby,literal,hes been dead fourteen years - husband
4,Ted,White::British,properly mm did you ever go back to devon to visit i go back every year [yeah ] yeah the people i was evacuated with are all,dead,now naturally but there's er nephews and nieces and great nephews and nieces that i go back and stop i'm still part of the,literal,people I was evacuated with are all dead
5,Joan,White::British,done more but of course they had to go out to work even now I meet ladies you know that are a lot older than me cos my sister's,dead,"and gone now they say ""oh your Anne made my wedding dress"" you know still say it to me [ yeah ] yeah but she was clever so you",literal,my sister's dead and gone
6,unknown,unknown,"then he'll say ""can i look at your linen"" linen . linen draper . paper linen draper [ oh ] yeh and he was . he used . i mean he's",dead,. few years older than you had he been alive now but yeh thats how he spoke quite a lot of the time or he'd say erm if anyone was,literal,he's dead - few years older
7,Michelle,White::British,just kept going on .. and then . this couple of them like I haven't even seen in in months . that I don't even know if they're,dead,or alive or what .. so do you think drugs are a problem in this area? oh definitely yeah definitely [ do you? ] yeah # unclear,literal,if they're dead or alive
8,Kate,White::British,dunno have you got any ideas what you want to do? . work in a magazine .. mhm? . but before that I wanted to put .. make-up on,dead,people . make-up on dead people? .. what makes you want to do that? I dunno .. cos when I . watched my girl ... then . they were,literal,make-up on dead people
9,Sue,unknown,ideas what you want to do? . work in a magazine .. mhm? . but before that I wanted to put .. make-up on dead people . make-up on,dead,"people? .. what makes you want to do that? I dunno .. cos when I . watched my girl ... then . they were doing it now ""oh I wanna",literal,make-up on dead people
10,Lucy,White::British,with? with my nan . with your nan? yeah oh right . my dad lives in Brighton . does he? yeah okay and what about your mum? oh she,dead,she's dead like [ oh ] so we live with my nan that's why we moved down here oh I see like we when we moved down here before like,literal,oh she dead (MLE zero copula) - re mum
11,Lucy,White::British,my nan . with your nan? yeah oh right . my dad lives in Brighton . does he? yeah okay and what about your mum? oh she dead she's,dead,like [ oh ] so we live with my nan that's why we moved down here oh I see like we when we moved down here before like .. but so we,literal,she's dead - re mum
12,Freddy,White::British,? Jerusalem . [ okay ] Israel near there . alright and what about your mum's er mum and dad? nah my mum my mum my mum's mum's,dead,. and my er my mum's dad's still alive he's Slovakia . and where does he live? Slovakia . I don't what part I don't have a clue,literal,mum's mum's dead
13,Freddy,White::British,bit . [ a little bit ah ] say say a quarter half .. what like your mum? . no I've got I got one two my one of my uncles is,dead,.. he hanged himself . nah you're joking there no I swear to my mum's life . his name was name ask ask me . ask name .,literal,uncles is dead - hanged himself
14,Freddy,White::British,and then .. er . my auntie name no my auntie name name .. name and name and ... name name . live in place ... my aunt name is,dead,. he died of alcoholism . cirrhosis of the liver .. er .. what else is there? . name she's dead .. /my aunt/ who lives in,literal,aunt is dead - died of alcoholism
15,Freddy,White::British,in place ... my aunt name is dead . he died of alcoholism . cirrhosis of the liver .. er .. what else is there? . name she's,dead,.. /my aunt/ who lives in Slovakia then? what? .. who lives in Slovakia you said you go there to everyone lives here except,literal,she's dead
16,Freddy,White::British,who lives in Slovakia you said you go there to everyone lives here except for my aunt and then granddad . and one of them's,dead,but you said you go there to visit your aunt you've never seen your granddad . two of them is there .,literal,one of them's dead
17,Freddy,White::British,Sean laughs Sean laughs unclear # today name did . he's,dead,. seriously dead . his kids lives over there no serious . his kids name name . serious man . and,literal,he's dead
18,Freddy,White::British,there . two two of them live there mm [ ua ] .. today name did . he's dead . seriously,dead,. his kids lives over there no serious . his kids name name . serious man . and name . and then . the wife her,literal,seriously dead
19,Sean,White::British,"it was only me and my mum . my sister why has she had any nervous breakdowns? no I don't think was /she/ like . ""mum I've seen a",dead,"person"" like that no my brother . he's only /my/ did you see him like? no my brother's fourteen he see him when he",literal,seen a dead person
20,Bradley,White::British,to have a different name but I got fed up with that so I changed it what do you call yourself? at the moment I'm name of the,dead,what is it? name of the dead name the dead? name of the dead name of the dead is that? based on the film oh that's the name of,literal,name of the dead - film reference
21,Bradley,White::British,but I got fed up with that so I changed it what do you call yourself? at the moment I'm name of the dead what is it? name of the,dead,name the dead? name of the dead name of the dead is that? based on the film oh that's the name of the film /is it? / yeah same as,literal,name of the dead - film reference
22,Sue,unknown,up with that so I changed it what do you call yourself? at the moment I'm name of the dead what is it? name of the dead name the,dead,? name of the dead name of the dead is that? based on the film oh that's the name of the film /is it? / yeah same as the film I,literal,name the dead - film reference
23,Bradley,White::British,it what do you call yourself? at the moment I'm name of the dead what is it? name of the dead name the dead? name of the,dead,name of the dead is that? based on the film oh that's the name of the film /is it? / yeah same as the film I just thought it was,literal,name of the dead - film reference
24,Sue,unknown,you call yourself? at the moment I'm name of the dead what is it? name of the dead name the dead? name of the dead name of the,dead,is that? based on the film oh that's the name of the film /is it? / yeah same as the film I just thought it was funny so I #,literal,name of the dead - film reference
25,Kevin,White::British,# . walked straight past him you see him he had bloody hole in his head and that . you saw him? yeah he weren't he weren't,dead,"but .. and my mum said ""do something do something"" shooting and everything and the first thing I did",literal,he weren't dead
26,Marina,White::British,"was going ""oh get away from me"" so did you just loose everything on your phone? yeah just lost every it was just",dead,it wouldn't turn on the chip wouldn't work nothing it just died .. it was my picture phone as well man I know,literal,phone was just dead - non-functional
27,unknown,unknown,". I went . erm .. ""round some boys' house""? .. and she went ""why didn't you tell me? cos my"" I went ""my battery went",dead,""" and it did . it was like ""oh my god"" I went I gonna crash . and it was really late for me to get a bus cos the b all the buses is",literal,battery went dead - non-functional
28,unknown,unknown,"n't have said but I did . and it sort of calmed things down . er name my mum's boyfriend kept saying . ""oh you could have been",dead,"we don't about"" and I just turned around and went . ""I wish I was dead now then"" then I put the phone down? . and then my mum",literal,could have been dead
29,unknown,unknown,"mum's boyfriend kept saying . ""oh you could have been dead we don't about"" and I just turned around and went . ""I wish I was",dead,"now then"" then I put the phone down? . and then my mum phoned me back saying ""name=Hannah please talk to me .",literal,I wish I was dead
30,Hannah,White::British,"can you text me back please or ring me so I just let me know where you are"" . and I didn't it to the next day cos my battery gone",dead,". so it was . a bit like . I was like ""oh no"" . and then my I let listen to my voicemail . and my mum was breaking down on the phone",literal,battery gone dead
31,Kelly2,White::British,a month to . for the pregnancy test thing ... oh I'm scared .. you can have punch in the belly so if you have got one they be,dead,.. no transport it into my belly ... would you want it? that was [ yeah ] evil . yeah I /want it/ punch in the belly so it be dead,literal,they be dead - re babies/foetus
32,unknown,unknown,dead .. no transport it into my belly ... would you want it? that was [ yeah ] evil . yeah I /want it/ punch in the belly so it be,dead,. I would never kill a baby no but you can transport [ the onl ] it into my belly so I can have it [ the only ] or me and first boy or,literal,it be dead - re foetus
33,unknown,unknown,.. mum mum had .. pregnancy no she was . pregnant . but my dad didn't want it? [ miscarriage ] . so . my mum had to give birth to a,dead,baby .. because where she was over like and .. and this happened twice? . he made her . kill the other baby as well . so she's,literal,dead baby - stillbirth
34,Rufus,Black::South African,I know I know .. all what do you think of this area around here? ... it's quiet it's just . I wanna live round here you would,dead,no I wouldn't cos you can like you get used to certain place innit /we're used to them/ I'm used to a lively area with /,unclear,you would dead - garbled context
35,Rufus,Black::South African,I never see them out innit ... it just seems quieter? yeah really quiet it's really quiet . just hear the wind,dead,innit huh just dead just . we just see like one two people walking .. but where my area is like on the road on my on my road .,evaluative,hear the wind dead innit - area is lifeless/quiet
36,Talal,,innit ... it just seems quieter? yeah really quiet it's really quiet . just hear the wind dead innit huh just,dead,just . we just see like one two people walking .. but where my area is like on the road on my on my road . there's a lot of people,evaluative,dead just - continuation re quiet area
37,Rufus,Black::South African,.. like we tell them what to do ... innit? I dunno .. x I know you don't even know I know man .. it's cos my brain is,dead,innit .. done too much things man huh what have you done? I dunno . bare things innit .. like he smokes every day .. smokes,evaluative,my brain is dead innit - brain dead idiom = exhausted
38,unknown,unknown,the funeral people just look like they're asleep but did not look nothing like she was asleep . she looked like she . she's,dead,like she ain't got no soul in her . it was just really sad a lot of people were there . yeah cos the man [ yeah ] the man was at a,literal,she's dead like she ain't got no soul
39,Martin,White::British,[ mm ] earlier and she now lives . /in/ /name of town / /yeah/ /yeah/ what about your mum's family? erm mum's parents are all,dead,[ oh right ] erm me nan died . that'd be I think I was about . five yeah she died she died when I was five erm where were,literal,parents are all dead
40,unknown,unknown,] married in church have couple of hymns . no allow the hymns man it just be like [ Fifty Cent ] and I got all these living,dead,dolls in my in my room we'd are having . living dead dolls on the cake as well living dead dolls? [ yeah ] what are they? they,literal,living dead dolls - compound noun for toys
41,unknown,unknown,the hymns man it just be like [ Fifty Cent ] and I got all these living dead dolls in my in my room we'd are having . living,dead,dolls on the cake as well living dead dolls? [ yeah ] what are they? they're sort of like Chucky? . yeah . huuuh what is it?,literal,living dead dolls
42,Sue,unknown,Cent ] and I got all these living dead dolls in my in my room we'd are having . living dead dolls on the cake as well living,dead,dolls? [ yeah ] what are they? they're sort of like Chucky? . yeah . huuuh what is it? they sort of . look [ vampire things? ] .,literal,living dead dolls
43,unknown,unknown,dolls? [ yeah ] what are they? they're sort of like Chucky? . yeah . huuuh what is it? they sort of . look [ vampire things? ] .,dead,really they're just like dead er . they look really pale [ have you never seen Chucky before? ] and they got this blood and,literal,dead really - dolls look like corpses
44,Dale,White::British,'re sort of like Chucky? . yeah . huuuh what is it? they sort of . look [ vampire things? ] . dead really they're just like,dead,er . they look really pale [ have you never seen Chucky before? ] and they got this blood and everything all over them have,literal,just like dead - look like corpses
45,unknown,unknown,them or anything? no not like . proper full [ not like punching yeah but ] on punching in the face but they might give you a,dead,arm or something for no reason or push you .. it's like what? . and throw things in your hair [ yeah ] and put paint on you and,intensifier,dead arm - fixed expression for numb arm
46,Kieran,White::British,college I was at home ill . so I can't ... but I might feel a bit better .. you let it out before it's your,dead,that makes you used to it I had to leave it out no yeah that's they way you play drugged alright then I miss a turn you miss a,unclear,before it's your dead - garbled
47,Dale,White::British,do it for me that's if we're alive man when we're ninety yeah that's what I'm saying get me like would be,dead,is that where your mum comes from? West Ham? yeah yeah East Ham really East Ham .. she's one of them birds what do,literal,would be dead
48,Dale,White::British,and er I dunno she's still going at the age of ninety or something I dunno how old she is now ..,dead,no offence to my nan but .. yeah man she's been like my own mum really so .. she's taught me everything I know about cooking,literal,re nan being dead
49,unknown,unknown,my granddad and my dad got on well .. but yeah . but as I said er . him and my mate my mate name now obviously cos my granddad's,dead,but ... cos he just felt like . part of me when my granddad died part of me was just cut in half and one of them just went that,literal,granddad's dead
50,Greg,White::British,think about that then? yeah . well . yeah I well uhm he like I was talking to him about it and . just saying you know . just,dead,end .. [ mm ] . you know what where does it gonna lead? .. mm . is that what made you stop? yeah . what you just . was it one day or,literal,dead end - fixed compound (situation)
51,Tony,White::British,? . they come down here so . oh right . what both of them? yeah so they're both just recently died? er . no my granddad's been,dead,about . seven years . and my . my nan just bla passed away like last year sort of thing so mm .. but they lived close to you as,literal,granddad's been dead seven years
52,Greg,White::British,my my nan's mum and dad I s I knew them as well sort of thing yeah . so yeah . so have you got great grandparents? . er no they're,dead,[ oh yeah ] well . yeah [ mm ] I didn't know them either . never . . [ no ] ... you're quite lucky,literal,they're dead - great grandparents
53,Maria,Black::Moroccan,and he just came up to me like and he started speaking to me one day .. yeh .. ouch someone tried to call me and my battery's,dead,. sorry . but yeh kind of noticed me . i noticed him we talked a couple of times. but now it's almost like everytime . i know he,literal,battery's dead
54,unknown,unknown,. that is .. oh it happened [ mmm ] its just another crime it's like in America . oh another gunshot [ mmm ] .. someone's,dead,. oh well [ mmm ] but yeah do you think the people round here sound like the people in . eastenders? um no . I don't .. I don't,literal,someone's dead - re gunshot
55,unknown,unknown,I think that killed me more than anything parents kind of . don't acknowledge that you're there .. it's just like . you're,dead,. that's how it felt to me I was just like wow . mm how long ago was that then? a couple of months not months [ quite recently ],literal,you're dead - metaphor for being ignored
56,unknown,unknown,us from moving a step forward and stepping up [ definitely ] and doing certain things [ definitely ] . there'a lot of,dead,beat fathers around because they don't have a job and they don't have that motivation . [ mm ] there's a lot of b. young mum,intensifier,dead beat fathers - deadbeat compound
57,unknown,unknown,the time? ] so you had your nan in the house with you as well? yeah she [ do you remember her? ] no she died what ahm she'd been,dead,. ahm . thirty years . [ oh right ] . so she was gone long before I was even thought about . but everyone says that I,literal,she'd been dead thirty years
58,Kelly1,,'s what comes with it yeah . Hertfordshire is boring it's rubbish oh my god /don't need to tell me/ /it's just land/ it's /,dead,/ /land/ it's quite boring . London's like . ev. everyone loves London in they yeah you get me so can you ever see,evaluative,dead land - boring/lifeless
59,Kelly1,,it's true she can be but she's alright though [ mm ] . yeah #2 /no he's,dead,/ # oh right ok both of my grandads on both sides are dead [uh huh ] yeah and your dad's mum yeah yeah . she's alright but I do,literal,no he's dead - re grandad
60,Kelly1,,oh right ok both of my grandads on both sides are,dead,[uh huh ] yeah and your dad's mum yeah yeah . she's alright but I don't talk to her #2 /no i u. /,literal,both sides are dead
61,unknown,unknown,off having another baby . the aftercare was so bad and that man . they just basically they treat you like a piece of bloody,dead,body just dumped you on a bed and obviously you can't get up yourself and that .. how long were you in,literal,dead body - compound
62,Gary1,White::British,? errm. fifty's alright . narzi's big he's nang . there's quite a lot actually ja-rule don't like him no. 2pac . he's he's,dead,now but he's big . he's a legend he's right good and biggy mm . so do all your friends wear tho. that kind of fashion the low,literal,2pac he's dead now
63,Will,Black::Afro-Caribbean,call her Dairy Milk? because she jacked my Dairy Milk oh ff xxx . and girl's name .. oh yeah man .. xx the battery is,dead,on this .. has it gone? ... is it gone? .. yeah why mine is still there? yeah it's on a different xx different xx,literal,battery is dead
64,Will,Black::Afro-Caribbean,[ damn ] they are my last two xxxx that's why it's xxx xx . what's yours? what is yours bleeping or something? no this this is,dead,oh it's come back yeah displayed ... xxx ... erm .. /how do you think/ what time is it? I'm sorry yeah do you need to leave?,literal,this is dead - phone non-functional
65,Chris,,it . the alarm went off this morning it dropped off my bed and just . smashed up and everything . and my other phone was,dead,so I couldn't carry it my phones are getting so I text and everything oh dear what was that? # Chris drops,literal,phone was dead
66,Dean,White::British,after he's touched the ball so it don't class as a foul . but he will wreck your foot . he done it to me yesterday . my foot was,dead,. cos when I got back . at about half past seven we went to go and play football over name of place do you know what I don't like,intensifier,my foot was dead - numb foot (figurative)
67,Chris,,i was in there yesterday/ 2 /yeah Akademiks for / like thirty pound # you know Cavaliers . xxxxxxx . I could have got that,dead,. jersey was fifteen pound the shorts were I think ten pound . and it's real as well . they have s . umm. Celtic,unclear,could have got that dead - context unclear
68,unknown,unknown,alive . she lives in name of place that's what it's called . a place in ireland . great grandad . great great grandad's,dead,[mm ] . i don't think i've ever seen him though . i don't know 1 so you've still got a great . /nan/ 2 /yeah we got / great,literal,great great grandad's dead
69,Tina,,. i don't know 1 so you've still got a great . /nan/ 2 /yeah we got / great granny . erm on my mummy's side no they're both,dead,but i dunno about the great grannies or grandads . i dunno 1,literal,they're both dead
70,Mark,,"? "" . [ yeah ] okayay and have you . do you know any of your grandparents . your? my mum's ones . my mum's parents they're both",dead,[ mm ] erm did you know them? yeah i knew . er . my grandad he was dead before i was born [ mm ] . but i knew my nan [ mhm ] and . but my,literal,they're both dead
71,Mark,,. your? my mum's ones . my mum's parents they're both dead [ mm ] erm did you know them? yeah i knew . er . my grandad he was,dead,before i was born [ mm ] . but i knew my nan [ mhm ] and . but my dad's parents . no i never knew them did they ever live in this,literal,grandad was dead before I was born
72,Sue,unknown,how old i was probably about . four [ mm ] i dunno . probably around that age anyway and erm . so your mum's parents are both,dead,[ mhm ] yeah . and what about aunts and uncles. does she have any brothers or sisters? loads . i've got loads of aunts and,literal,mum's parents are both dead
73,Mark,,/do not mention name 's name/ # so you don't have any contact with him? no . i've forgotten what he looks like. might even be,dead,by now i dunno . he w. no i think he's still alive but he'll be dead soon . cos he's about i dunno . seventy now eighty . he's,literal,might even be dead by now
74,Mark,,him? no . i've forgotten what he looks like. might even be dead by now i dunno . he w. no i think he's still alive but he'll be,dead,soon . cos he's about i dunno . seventy now eighty . he's quite old #2 /he's a . he,literal,he'll be dead soon
75,Dave,White::British,old [ oh I ] that's my step-dad oh that's your step-dad [ yeah ] okay what about your um natural dad do you see him? no he's,dead,oh okay yeah so you you've got step-dad and erm although he was born in Ireland he's really [ mm ] been,literal,no he's dead - re natural dad
76,unknown,unknown,them he would laid into him . so we didn't really speak to him [ yeah ] and then . on my mum's side both of my grandparents are,dead,. on my mum's side . and we just like the family just left yeah did you know your mum's parents? [ no ] no . were they english?,literal,grandparents are dead
77,unknown,unknown,I've felt name 's blows you get me name 's got a blow he jabbedd me in my arm [ I know he done it to me as well ] . literally went,dead,he jabbed me I don't know if it is because I had i was doing weights my arm already but he jabbed me whoa I'm like name is [,intensifier,literally went dead - went numb
78,Kim,White::British,away he prays he pray for a hell just going like you get me pray like me I'm saying possibly he can't be,dead,because he used to he used to go round there because name . waited till split name went to name [ but he never got,literal,he can't be dead
79,unknown,unknown,? yeah . my .. my mum's mum .. sorry my mum's mum and . my mum's dad . are still alive [ mm ] my mum's . my dad's mum is ..,dead,mhm . and where do your mum's er mum and dad live then? er my mum's .. mum lives round my area like around me [ ah okay ] and .. my,literal,dad's mum is dead
80,Brian,Black::Afro-Caribbean,yeah that's what I think . haven't aksed her though no . and . er and what about your dad's parents? . yeah . like cos my dad is,dead,yeah? and [ oh right ] and. and like at his funeral was.. I saw his dad .. I met him that's the first time I met him [ was it? ],literal,dad is dead
81,unknown,unknown,'s what makes you dopey and i mean when i was in year eleven that's what flopped me cos you kept on smoking weed and. gets,dead,and then after that in the morning you're too tired you get up with like a bad hump . like your mum comes in and wakes you up,unclear,gets dead and then morning tired - re weed context
82,unknown,unknown,to fight it out [ mm ] .. then what is the need of it? cos we went down to their area they had two of their boys ended up nearly,dead,[ really ] .. they nearly killed one of our boys but we nearly . i mean the boy's living by a thread name .. he get stabbed,literal,ended up nearly dead
83,unknown,unknown,i mean the boy's living by a thread name .. he get stabbed again innit [ mm ] T [ yeah yeah yeah ] if he gets stabbed again. he's,dead,[ he's dead ] he's been stabbed sixteen times. he's dead the next time i know for a fact he's lost bare blood . [ mm ] so . i know,literal,he's dead - threat (if stabbed again)
84,Zack,unknown,'s living by a thread name .. he get stabbed again innit [ mm ] T [ yeah yeah yeah ] if he gets stabbed again. he's dead [ he's,dead,] he's been stabbed sixteen times. he's dead the next time i know for a fact he's lost bare blood . [ mm ] so . i know if he gets,literal,he's dead
85,unknown,unknown,again innit [ mm ] T [ yeah yeah yeah ] if he gets stabbed again. he's dead [ he's dead ] he's been stabbed sixteen times. he's,dead,the next time i know for a fact he's lost bare blood . [ mm ] so . i know if he gets stabbed in a dangerous place where he's been,literal,he's dead the next time
86,Alex,,come at you and [ it's like ] just run at you with shots like # do you know that. do you know that boy name ? yeah the older but he,dead,#1 he was driving in his car yeah. with his kid yeah he,literal,he dead - zero copula MLE
87,Zack,White::British,caved him in and just shot him with a machine gun. all of them/ sprayed up all his car his kid lived but he didn't live .. he,dead,/ 2 /cos there's another young there's a.there's a big/ boy name yeah and there's younger name from E9 and now these E9,literal,he dead - zero copula MLE
88,Alex,,'s dropped on the floor and we see who won like that. we'll see how many got injured like. not proper injured like what had,dead,legs where they're getting thumped in the muscle too much and they're like getting wobbly legs like #1 no but some of them,intensifier,dead legs - fixed expression for thumped/numb legs
89,unknown,unknown,i don't see the point of things like Es and stuff like that it's just stupid cos i mean one of those and that's it you could be,dead,so yeah . is that the sort of drug that people would take say if they go to a rave or yeah that place i was talking about name of,literal,you could be dead
90,Andrew,White::British,but somebody already took it . like you know what you mean they took all the stuff on with them? mhm .. and found a couple of,dead,needles on the floor but that was it what? these were unused needles were they? no used needles [ oh used needles ] like you,literal,dead needles - used/discarded needles
91,Andrew,White::British,it . cellotape it up to the top and then we'd climb down and we'd light the bottom and the light would just go all the way up .,dead,fast . which was pretty decent or with aluminimum . stick it in the bottle with aluminium . a bit of rust . rust is flammable,intensifier,dead fast - very fast
92,Jake,White::British,managed to run away with a broken leg and of course you'd make yourself run wouldn't you? . when you know you're,dead,you may get killed .. .. apparently like you know er . said that they stayed there and had a drink .. [ mm ],literal,you're dead may get killed
93,unknown,unknown,GTI innit? cos it's the newest one out in the mark five like /[ xxxx ] / cars are getting cheaper though .. cars are getting,dead,cheap .. do you drive? no I don't drive no [ oh right so ] I can drive but I when do you go for your lessons? [ eh? ] when do you go,intensifier,dead cheap - very cheap
94,unknown,unknown,he's got five brothers so there's six of them . and they have to share their dad's property so my granddad's property he's,dead,"now so [ mm ] . share his property between the six brothers . and they have to share it equally they say ""no he got more no he",literal,granddad's dead now
95,Serena,Black::Afro-Caribbean,they're much more . they're smarter already they're smart do you still have family in the caribbean? mm most of them are,dead,. and you've got grandparents or? grandparents . that died right #1 but they saved money up just to go to england [ mhm ],literal,most of them are dead
96,unknown,unknown,"could kill someone like that"" [ mm ] say if they just bang hit the handlebars and go in the water 1 /they're",dead,they're dead you're drownded/ you're definitely dead yeah 2 /knocked out in the water xxx in the water you're pissed/,literal,they're dead - drowned
97,unknown,unknown,"someone like that"" [ mm ] say if they just bang hit the handlebars and go in the water 1 /they're dead they're",dead,you're drownded/ you're definitely dead yeah 2 /knocked out in the water xxx in the water you're pissed/ # my. i mean i,literal,they're dead
98,unknown,unknown,#1 /they're dead they're dead you're drownded/ you're definitely,dead,yeah 2 /knocked out in the water xxx in the water you're pissed/ # my. i mean i had my little friend died from that yeah. my,literal,definitely dead
99,unknown,unknown,twin things like she saw her [ yeah that's like ] her sister dying bang next day she didn't see her sister there boy she's,dead,boy my mum. and it's like my mum. the first one died of cot death but i think it's because. they was in the same cot . so that's,literal,she's dead - sister
100,Jess,White::British,like when i used to stay with my nan and that there the kids like some of them would talk and things like that but it used to be,dead,"i'd just think ""are youse alive or what? "" [ mmm ] what's happening here? they were like ""got to go in for lunch now got to go",evaluative,it used to be dead - area was lifeless
101,Jess,White::British,"like ""oh it's changed from when i was younger . we wouldn't have all this there wasn't . all paedophile . kids dropping",dead,". with drugs and being shot"" and things like that . [ mmm ] which . i get scared actually i like we bought her a gate . i make her",literal,kids dropping dead
102,Jerome,White::British,[ mm ] so it's about forty minutes to get there [ mm ] so it's is it very different there to where you live? yeah it's well,dead,round there is it? yeah hard luck #1 proper dead round there. cos all you see is houses and that.,evaluative,it's well dead round there - area is boring
103,Jerome,White::British,different there to where you live? yeah it's well dead round there is it? yeah hard luck #1 proper,dead,round there. cos all you see is houses and that. that's all you see round there. it's not like . it's not like round here /it,evaluative,proper dead round there - area is boring
104,Mark,,god I thought we were gonna get stopped I remember across the road from where I live right there was a man yeah he was found,dead,in his house he had been strangled right and his flatmate [ ooh ] he was found dead in Epping Forest strangled as well . it,literal,found dead in his house
105,unknown,unknown,right there was a man yeah he was found dead in his house he had been strangled right and his flatmate [ ooh ] he was found,dead,in Epping Forest strangled as well . it was strange like one was in the house and one was in Epping Forest . and they both had,literal,found dead in Epping Forest
106,Tina,,"radox and I remember the man just come and said ""come"" grabs and he goes ""you're coming with me"" and I thought oh my days I'm",dead,thought parents are gonna kill me they they even phoned the police on us but it was just to scare us #1 /X shoplifters,literal,I'm dead - parents will kill me
107,Tina,,my mum my mum would kill me but the police learned about the flame though cos the flame was only about that big 2 I would be,dead,I would be dead [ would you? ] oh my days XX # but my friends told me that they were saying in the interview that they,literal,I would be dead
108,Tina,,me but the police learned about the flame though cos the flame was only about that big 2 I would be dead I would be,dead,[ would you? ] oh my days XX # but my friends told me that they were saying in the interview that they said that how it looked,literal,I would be dead
109,unknown,unknown,him in the van saying yeah can't listen to start singing along on the songs [ yeah ] where's the money going? cos he's,dead,[ yeah ] innit don't have a clue they should donate it to charity I reckon #1 but they,literal,he's dead - re artist
110,Mark,,"yeah . i took a photo/ 2 /yeah . oh yes come on/ # that's a bit morbid it's freaky . i said ""you're weird taking a picture of a",dead,"body"" no it's fine #",literal,dead body
111,Ahmed,,the fire? / 2 /just outside my house/ 1 just right / oh the fire/ 2 /oh / it was just around just n . well there's this,dead,body that got pulled out the flats . not long ago 1 a dead body got pulled out of the flats /what an,literal,dead body
112,Sue,unknown,oh / it was just around just n . well there's this dead body that got pulled out the flats . not long ago 1 a,dead,body got pulled out of the flats /what an elderly person? / 2 /no cos they must have died of / natural causes or something,literal,dead body
113,Mark,,an elderly person #2 /and they/ was taken into the,dead,"van 1 yeah /i was like ""shit man /get my camera phone out come on take a photograph of this shit"" 2 /and they decide to a",literal,dead van - van for bodies
114,Mark,,did i didn't he. he destroyed the photograph after he realised the how shit it was i didn't take any of the,dead,guy keep denying it name=Mark i was just laughing and thinking youse two are a bit weird cos you was taking pictures of the,literal,dead guy
115,Mark,,guy keep denying it name=Mark i was just laughing and thinking youse two are a bit weird cos you was taking pictures of the,dead,guy #1 what's so weird about taking photographs of dead bodies? when you see the police / going out to do an investigation,literal,dead guy
116,Ahmed,,youse two are a bit weird cos you was taking pictures of the dead guy #1 what's so weird about taking photographs of,dead,bodies? when you see the police / going out to do an investigation/ 2 /i've always wanted to see a dead body/ # but we do,literal,dead bodies
117,Tina,,photographs of dead bodies? when you see the police / going out to do an investigation/ 2 /i've always wanted to see a,dead,body/ # but we don't actually even see the body it was in the body bag oh and then we took advantage of er the police car . they,literal,dead body
118,Mark,,"""/ /yeah they were screaming they were/ /imagine what they must have thought like/ putting a de . they're dragging out a",dead,body and we're busting up laughing #2 /people react/ to different things like i could,literal,dead body
119,Ahmed,,"gonna stick this /in his neck""/ #1 /so what he could hit me in the neck with that and hit an artery or something and i could be",dead,"/ 2 /and i started laughing at the guy going . / ""yeah you call that a knife"" laughing at him cos like i went ""what you gonna",literal,I could be dead
120,Dave,White::British,school ? it's another college . near my house and that oh right. it's closer to me than this one but . that one is just a bit .,dead,.. what made you choose here? .. don't know . I just come one day like . my mum just said I had to go out and find something . so I,evaluative,just a bit dead - place is boring
121,Dave,White::British,you haven't got much contact with aunts and uncles [ e ] . what about nan and granddad? /have you got nan and grand/ /no all,dead,/ you haven't got any [ no ] grandparents . all gone um . so not a lot of contact with . sort of an extended family then really,literal,no all dead - grandparents
122,Alan,,"all get. getting into beef"" all of a sudden the boy just turned round and just slit his throat and he just dropped",dead,. he just died . there and then like . and all over him t. trying to stop a fight yeah stopping the fight he come on the news,literal,dropped dead - died
123,Sue,unknown,something we were . doing something about fish . and they gave us this fish like everybody had a fish . what real fish? yeah,dead,? yeah and I chucked it at the teacher ... she no she didn't cry but you could tell she wanted to cry mm .. did she do anything,literal,real fish yeah dead
124,Lou,White::British,town hall in Romford .. er . he was cruelly treated by the Japanese .. now that's the man that could tell you a story .. he's,dead,now unfortunately . but er .. he was ... like many of the others that were captured by them . the way they treated them you,literal,he's dead now
125,unknown,unknown,factory don't ask me how you make sausages and erm .. then i married the factory manager there [ mm ] and he's been,dead,six years [ right ] erm . well yesterday innit today the tenth oh is it today ... well .. so . and i been on my own since yeahyea,literal,he's been dead six years
126,unknown,unknown,been very quiet oh yeah we used to play knock down ginger [ did you ] yeah and there was an old girl god rest her soul she's,dead,now we used to hide behind this wall and get a string and on her door we could see her but she couldn't see us you know and erm i,literal,she's dead now
127,Wendy,White::British,1 i swore 2 oh don't worry about swearing 1 you should hear what some people have said on this tape 2 no NAME he's,dead,he's dead # oh bless do you know what NAME said sorry your name was what caroline caroline yeah NAME told caroline that erm,literal,he's dead
128,Wendy,White::British,2 oh don't worry about swearing 1 you should hear what some people have said on this tape 2 no NAME he's dead he's,dead,# oh bless do you know what NAME said sorry your name was what caroline caroline yeah NAME told caroline that erm as soon as,literal,he's dead
129,unknown,unknown,all look like school kids themselves and they got kids pushing along in a [ yeah ] sound like my mother she's been,dead,. oh dear was your mum nice you said about your dad wasn't you know oh my dad was he was alright was he i got some pictures in,literal,she's been dead
130,unknown,unknown,won't . well the other night i went to bed and he always has to get into bed [ oh right ] and he curls up but he has h. e. exactly,dead,on he has to get in exactly right look . anyway . then he disappeared off he went so i thought oh hes going to settle,intensifier,exactly dead on - exactly/precisely
131,unknown,unknown,it'll be alright [ ah ] . yeah so i'm like the kids aren't a problem really NAME used to have a problem with the neighbour,dead,opposite [ right ] because the little darlings used to get the football out and kick it into her car and all that and of,intensifier,neighbour dead opposite - directly opposite
132,Wendy,White::British,oh can cats gets parkinsons don't know pepion .. no i went to erm . in george street in romford years ago to NAME she's way,dead,now she was old when i was young when i was anyway she said to me erm . and i didn't go in riding boots or nothing right she said,literal,she's way dead now
133,Stan,White::British,] but er yeah as i say in those days it was it was an adventure it wasn't . well it just didn't occur to us there was poeple .,dead,and dying and that their h. everything their homes had gone [yeah ] . yes there . i don't know how we managed to live,literal,people dead and dying
134,Rae,White::British,to be deadheaded at ground level . my husband likes his dahlias but then they grow tall so they're not a problem to de. to,dead,head but I like mine higher up [ mm ] Knight has problem with squirrels though they do like digging her bulbs out # oh do they,literal,dead head - gardening term (compound)
135,Rae,White::British,oh/ 2 /and it was heatwave and dad had a white car/ # and when it got we got there . it was covered with all these,dead,flies [ mm ] and he said the next morning he'd have to clean it but he wasn't gonna do it that night fortunately it rained #,literal,dead flies
136,unknown,unknown,#1 /three months i had to put up with it it was yes three months i had to put up with . down in wales and funnily enough i was,dead,lucky because the teacher . that was there . a spiteful man terrible spiteful man erm i was one of his star pupils one of two,intensifier,dead lucky - very lucky
137,Sue,unknown,] . Lou's thirty-six [ ahuh ] . and er the last ones was number seventy then you went into all hedges and lane . it was just a,dead,end and then what happened mainly down the other end of Lodge Lane was all . retired policeman majority . [ ah ] who retired,literal,dead end - fixed compound
138,Lou,White::British,that we're hoping to have oranges and lemons to sell now my friend who used to live round in park drive he's . he's,dead,now but as far as i know his wife is still alive i don't know . no he was a great man for plants weren't he arthur? [ plants yeh,literal,he's dead now
139,Flo,White::British,"i always remember i sang this song ""my mother she told me she'd taken to bed xxxx i took it to bed and i thought he was",dead,"but his old bald head kept nodding"" xxx the class they roared a laughing i don't know where i got .",literal,I thought he was dead
140,Junior,,okay so where where where where /where'd you live? / /where's your dad? / er? where's your dad? shut up no is /he,dead,? / /he lives at/ he goes you go down yeah and then you just turn [ yeah ] and then it's the right there there's street name,literal,is he dead
141,Howard,White::British,"yeah and he jumped off a big cliff [ yeah ] and he went ""superman"" and then he /died/ /and d/ and then he just fell down he was",dead,really? he's dead now? I'm not michael j [ no ] I'm not michael jackson can we sing the song now?,literal,he was dead
142,Arfaan,unknown,"off a big cliff [ yeah ] and he went ""superman"" and then he /died/ /and d/ and then he just fell down he was dead really? he's",dead,now? I'm not michael j [ no ] I'm not michael jackson can we sing the song now? what song? I was,literal,he's dead now
143,unknown,unknown,. and then my nan and granddad had the house now and . er ah you live with your nan and granddad do you puh [ oh ] . my granddad's,dead,okay he died when I was six [ okay ] er and my nan's just . does she live there? no she lives with you no she don't . she,literal,granddad's dead
144,Courtney,Black::Jamaican,find out what is what it's called and what it's got in it and all that # mm okay .. but basically he'll say that er there was a,dead,body found in the college and there was like . a piece of grass stuck in her clothing . then . a suspect also had [ had it on her,literal,dead body
145,unknown,unknown,they cook it's like their food they make it rot . before they cook it that's why it smell bad . it's like a,dead,animal . their cooking . it stinks out the whole road . it's disgusting like when you're outside playing trust me I had to,literal,like a dead animal - simile
146,unknown,unknown,you're outside playing trust me I had to go inside that's how bad it smells . stinks . [ yeah man ] it's like they're eating,dead,animals yeah man . it's just nasty .. yeah so you're Jamaican as well? . yeah mum and dad both from Jamaica . yeah . so,literal,eating dead animals
147,unknown,unknown,it and making him. chest infections easier and I think like my dad he give that up and he he just deteriorated sshh [ yeah? ],dead,. x saying he's put on weight he's a bit more grumpy but. the doctor [ xx ] said it's better for him obv obviously you know ev,unclear,"dead - re dog deteriorating, fragment"
148,unknown,unknown,then and they even it's about the same people wait . and even when and when when he was like staying still [ yeah ] he wasn't,dead,that time [ yeah ] . they cut .. they cut the neck [ ooh ] oh oh no they did they cut the neck . and he was like moving a bit . they,literal,wasn't dead that time
149,unknown,unknown,okay . yeah it's going this and started to smoke yeah [ yeah ] he had a he had like a [ now he's not ] gran he his grandmother was,dead,[ yeah ] when he was fourteen years old [ yeah ] so I did so I didn't get to see . he wasn't married that time he was in like ..,literal,his grandmother was dead
150,unknown,unknown,so they know each other and my [ this ] dad and my dad's father yeah [ mm ] he's a he has a twin brother [ has he really ] but he's,dead,ah okay so I [ you see ] didn't get to see him . you see a boy called name in our class yeah [ yeah ] he's really naughty he's,literal,he's dead - twin
151,Ben's_mother,White::British,I'll /go and get him yeah? / you can le you don't need to just take that with you you don't need to unclip it . heh xx it's gone,dead,name=Ben yeah come in the kitchen in a minute are you gonna bring your kitten in and,literal,it's gone dead - non-functional
152,unknown,unknown,it there is no point in sitting there gaining sympathy because people didn't know him. people ain't gonna know cos he's,dead,all you're doing is using his memory so and I've got zero tolerance for that a well sort of thing you know so how was he about,literal,he's dead
153,William,White::British,oh what you want them one funs? no . oh the younger brother there is not . not good . not a good look there you go xx. it's got a,dead,battery in it . listen to it all day . it's got a dead battery is it? so what were you going to say about . sorry can you put that,literal,dead battery
154,William,White::British,brother there is not . not good . not a good look there you go xx. it's got a dead battery in it . listen to it all day . it's got a,dead,battery is it? so what were you going to say about . sorry can you put that down [ oh sorry ] . what were you going to say about,literal,dead battery
155,Roshan,Mauritian/Black::Jamaican,] mm . what's good about tottenham? #1 it's kinda . it's kinda,dead,though compared to other areas yeah due to . lack of facilities innit like /arcades cinema/ 2 /but when you wanna go for,evaluative,kinda dead though compared to other areas
156,William,unknown,imagine that twelve twenty four forty eighty sixty four xx hundred and twenty times just and I saw it going [ was he,dead,? ] he was going . no . that's the thing he wasn't . wasn't . he goes to this college ..,literal,was he dead
157,William,White::British,how clean it was. that's how. that's how sharp it was I mean. it was going through him clean just and he wasn't,dead,? no . to be honest yeah I saw him like two days later and he was walking normally. I don't know the fuck's he eating yeah but #,literal,he wasn't dead
158,Roshan,Mauritian/Black::Jamaican,load of shit . huh why? . just boring . was like a flipping village where I am blud .. swear down it was . over,dead,.. me and my brother yeah do you know what we used to do? we used to do push ups to get by .. swear down imagine,evaluative,over dead - village quiet/boring
159,Arfaan,unknown,was bolder? really? hard to explain that and now no one comes down there anymore [ really? ] and erm. yeah it's just [ it's,dead,] it's boring yeah. dead it's dead it's dry but okay so it's the area is it made up of like erm of houses or is it estates? near,evaluative,it's dead - explicitly defined as boring
160,unknown,unknown,to explain that and now no one comes down there anymore [ really? ] and erm. yeah it's just [ it's dead ] it's boring yeah.,dead,it's dead it's dry but okay so it's the area is it made up of like erm of houses or is it estates? near where you live it's like,evaluative,dead it's dead it's dry
161,Arfaan,unknown,that and now no one comes down there anymore [ really? ] and erm. yeah it's just [ it's dead ] it's boring yeah. dead it's,dead,it's dry but okay so it's the area is it made up of like erm of houses or is it estates? near where you live it's like,evaluative,dead it's dry
162,Jade,White::British,say if someone smoked if someone smokes yeah and they got asthma it will like kill them straight away. cos like xxx you're,dead,I've never even tried it that's what would happen to me like you know I'm such a big girl you know see name=Leah,literal,you're dead - threat re drugs
163,unknown,unknown,swear down? you can't die [ I ] and come back alive no you stop [ you can ] breathing if you're,dead,you won't come back you will can't come back from the dead [ I came back ] [ xx ] very unpleasant thing to say I come back [ xx ],literal,if you're dead - re breathing
164,Leah,White::British,can 2 yeah you can # no you stop [ you can ] breathing if you're dead you won't come back you will can't come back from the,dead,[ I came back ] [ xx ] very unpleasant thing to say I come back [ xx ] from the dead it,literal,back from the dead - fixed expression
165,unknown,unknown,come back you will can't come back from the dead [ I came back ] [ xx ] very unpleasant thing to say I come back [ xx ] from the,dead,it depends how how you define dead /xx/ /I could/ say thing something about families,literal,from the dead
166,Jade,White::British,from the dead [ I came back ] [ xx ] very unpleasant thing to say I come back [ xx ] from the dead #2 I should be,dead,# it depends how how you define dead /xx/ /I could/ say thing something about families er what was it gonna be. I was when I,literal,I should be dead
167,Arfaan,unknown,unpleasant thing to say I come back [ xx ] from the dead it depends how how you define,dead,/xx/ /I could/ say thing something about families er what was it gonna be. I was when I was little yeah. let's talk about my,literal,how you define dead
168,Arfaan,unknown,what's going on? [ yeah ] naked nan ah so you had a difficult time when you were a kid then eh? yeah you were,dead,when you were born [ xx ] [ yeah ] choking to death. wow. oh well..okay. let's let's talk about friends now we got a couple,literal,you were dead when you were born
169,Howard's_mother,White::British,down there at /one time could you? / right yeah . yeah nah no . nah it's not all it's not the same as it used to be it's just . no .,dead,now to be honest with you xx mm mm . and Roman Road that was another /big market/ yeah that was another big /market yeah/ is,evaluative,dead now to be honest - re area
170,unknown,unknown,the and then and the I went to the second floor [ mm ] and the and then and then my do you know when I came yeah? . my my mum was,dead,yeah yeah and then . my dad was married again okay married? yeah again .. yeah okay that was a long story boy,literal,my mum was dead
171,Tau,Black::Congolese,? he got stabbed right here why. why? fighting innit #2 /w. was the boy,dead,? / # no it was like some tottenham people come up and then . they must have saw him on. on his ones innit. catch him now . right,literal,the boy dead - zero copula MLE
172,Tau,Black::Congolese,mm . but my grandparents are still there but are they . both sets of grandparents? mhm yeah but on my dad's side they're all,dead,innit oh okay . [ mhm ] so it's just you mum's parents . has she been back? #1 yeah . /she been . yeah/ my dad's been back for,literal,they're all dead innit
173,Ikram,,". no it isn't it is . say again xxx .. oh what's xxxx? xxxxx . and cos the cos dog was going like that he went ""he's",dead,""" yeah he done that to my sister's face . scratched #1 good .",literal,he's dead - re person
174,Ikram,,the news see what #1 and I hope you don't come cos you'll be,dead,if you do . and don't tell nobody except you 2 ... if you d I hope I hope # who started the fire? me .. I started burning,literal,you'll be dead - threat
175,Ikram,,school/ baaah huh huh huh hah hah hah and the government said . that if you don't fix this school you will be,dead,you will be dead ... so . hush it hush it okay let's talk about hobby zip your mouth and throw the keys away .,literal,you will be dead - threat
176,Wahid,Black::Moroccan,huh huh huh hah hah hah and the government said . that if you don't fix this school you will be dead you will be,dead,... so . hush it hush it okay let's talk about hobby zip your mouth and throw the keys away . let's talk about,literal,you will be dead - threat
177,Chelsea,,it's true like say for example I was to have a fight with you yeah? . the next day I'm telling you like you'd kill . you'd be,dead,yeah there's one xxxx so finished but there's loads [ yeah ] that are gonna back you .. it's so true I've noticed that .,literal,you'd be dead - threat
178,Uzay,,is the pro [ mhm ] is the problem yeah the then the this ehm first one is the . is the .. the first one is the the ehm xx eh mum,dead,. and the second thing is . eh go school [ yeah ] the other one is uhm . the sun lost Nemo right uhm . but the star xx is like this .,literal,mum dead - zero copula MLE
179,Uzay,,. and then after uhm I need to come to England because my uhm auntie,dead,. ah no . okay so I need to stay here with my auntie okay . yeah #2 so I missed my first,literal,auntie dead - zero copula MLE
180,Dumaka,Black::Nigerian,England because my uhm auntie dead . ah no . okay so I need to stay here with my auntie okay . yeah #1 I thought your auntie was,dead,2 so I missed my first girlfriend 1 so I got another girlfriend here . name 2 uuuuh 1 another one here 2 uuh # in,literal,auntie was dead
181,unknown,unknown,. me and you..me and you..where's the ball? where? you're so f ah name I will beat you [ er? ] I will beat you..to the ground.,dead,I don't care. I'm not bothered leave it on well come on name=Catherine god you're so impatient shut up cos you're patient,literal,dead - re beating to ground (threat)
182,Catherine,White::British,my/ kneecap /do you smoke? /. you smoke innit? no yeah name dont try it don't. try it if he smokes his. his /brother/ /he's,dead,/ by me anyway . like I'd wanna smoke like I wanna smoke I seen you smoke before no I haven't when you were getting buffed,literal,he's dead by me anyway - dead to me idiom
183,Kenneth,Black::African,Kristin laughs # them them them . them goes strong muscle xxx then then the fights fight somebody they're,dead,oh . who does that? . ehm . in my game in your game okay that's your computer game is it? no it's my thing's game . your what,literal,they're dead - in game/threat
184,Siobhan,White::Irish/Scottish,would settle in Ireland then? yeah my dad's,dead,oh okay .. mm so it was just your mum yeah and she thought that she would settle there . what why did she change her mind? . cos,literal,dad's dead
185,Omar,,I'm saying? /. like/ #1 but . what is it gonna do if he already took your life away and think again . /he ah you're already,dead,". that is you already dead over a phone . but and aft after he killed/ you he went home and thinking like . ""hold on .. I killed",literal,you're already dead - threat
186,Omar,,1 but . what is it gonna do if he already took your life away and think again . /he ah you're already dead . that is you already,dead,"over a phone . but and aft after he killed/ you he went home and thinking like . ""hold on .. I killed someone . for a little",literal,you already dead - zero copula MLE threat
187,Omar,,"have come . people come to me and say to me ""ah""? / 1 /that is not gonna help you what is that gonna do for you you already",dead,/ 2 /yeah bruv .. it's not gonna help me/ but I don't care though . I don't care . # cos I die for my stuff bruv it's not your,literal,you already dead - threat
188,David,White::British,shot straight through the head . just being in the wrong place at the wrong time mm taking the normal route home and . bang I,dead,my friend we just finished the school at the same time? . and he has never been into trouble in his life . but there was a,literal,bang I dead - zero copula MLE
189,Omar,,Smalls as well .. he was talented man so shame he got killed man he was killed was he? yeah yeah they were b . three of them are,dead,.. really? yeah yeah .. Tupac Easy . E and . [ and ] Biggie Smalls they're all dead . what they were all shot? yeah they were,literal,three of them are dead
190,unknown,unknown,he? yeah yeah they were b . three of them are dead .. really? yeah yeah .. Tupac Easy . E and . [ and ] Biggie Smalls they're all,dead,. what they were all shot? yeah they were yeah . they're /all dead because yeah/ /all shot all shot/ . so they were all,literal,they're all dead - rappers
191,Omar,,.. Tupac Easy . E and . [ and ] Biggie Smalls they're all dead . what they were all shot? yeah they were yeah . they're /all,dead,because yeah/ /all shot all shot/ . so they were all involved in kind of street crime and yeah that's what yeah yeah,literal,all dead - rappers
192,Omar,unknown,the women they've got the houses they've got this they've got that . what's the next thing? drugs . and . [ and they end up,dead,like ] just ruins their life . that's so the two things go together do you think? . rap and drugs? . that's how /people say it,literal,they end up dead
193,Barry,White::British,mm if [ so if you ] you say you're from Hackney local area and like some . /Hackney local area guy comes up to you/ 2 /you're,dead,. the same Hackney local area / you're dead # really? . yeah the same from like Hackney local area you're dead does you . so,literal,you're dead - threat
194,Barry,White::British,local area and like some . /Hackney local area guy comes up to you/ 2 /you're dead . the same Hackney local area / you're,dead,# really? . yeah the same from like Hackney local area you're dead does you . so so do you like name=James do you hang out in,literal,you're dead - threat
195,Barry,White::British,/ 2 /you're dead . the same Hackney local area / you're dead # really? . yeah the same from like Hackney local area you're,dead,does you . so so do you like name=James do you hang out in your area? xx only if I'm there er well no it's true,literal,you're dead - threat
196,Sadik,,of game 1 but he said 2 name broke it .. Mahir blows # wants it back . I'm,dead,"that's why I ain't aks him back for it mm #1 so . still he said yeah ""you can keep the thing"" . smack down . and then he was gonna",literal,I'm dead - I'm in trouble/screwed
197,Sadik,,"[ hah ] he takes it out on my cousin and my cousin's like ho . holds him in the neck mm .. ""touch me and you're",dead,""" . yeah so he he's . he doesn't care anything he [ really? ] would kill someone . [ my god ] if he wants to . but he won't sounds",literal,touch me and you're dead - threat
198,unknown,unknown,so it's a bit heartrendering [ I know yeah ] but can't even watch godzilla any more for the at the end you know like xx little,dead,little animals sort of you know so yeah so there you go but it's just more me than anybody plus I can't stand all the wees and,literal,dead little animals
199,Lydia,White::British,2 /no/ 1 and when he does /die they're gonna say he died in hospital/ 2 /but..... no but/ but. but for r. real he's,dead,already 1 no he's not he . no /he's just unwell/ my nan even told me . anyway 2 /no he is/ 1 /,literal,he's dead already - threat/metaphor
200,Lydia,White::British,laughs Louise starts making a noise # . yeah . she pretends to be,dead,right laughs #2,literal,pretends to be dead
201,Darren,,to boy outside to boy outside boy says something boy replies # . go away . you you're,dead,how do you close it? . he's a wasteman . tell him I'm gonna bang him up #,literal,you're dead - threat
202,unknown,unknown,/you have a argument or something/ 2 /people know not to / mess with hits fist # [ m ] . they're,dead,meat like boy's name like I wouldn't wanna cuss his mum now #1 yeah I know . but I would cos he wouldn't do anything /to me I do,intensifier,dead meat - fixed idiom (in trouble)
203,Najib,,/ /did you really? / I strangled him back /though/ /it's on/ youtube it's on youtube someone put it on /youtube/ /he's,dead,/ you'll [ is it? which one? ] find him dead /he's lying there on the bench aahh/ /xx west ham stadium x west ham/ nah nah that,literal,he's dead - in fight
204,unknown,unknown,/though/ /it's on/ youtube it's on youtube someone put it on /youtube/ /he's dead/ you'll [ is it? which one? ] find him,dead,/he's lying there on the bench aahh/ /xx west ham stadium x west ham/ nah nah that wasn't oh yeah yeah yeah but that's not,literal,find him dead
205,unknown,unknown,/they're like xx/ you know you don't wanna die in your flat and nobody notices for weeks you know [ no ] you're,dead,and . mm nobody misses you yeah xxx so . mm in London you just have to move . down the street and two roads away and [,literal,you're dead and nobody misses you - metaphor
206,unknown,unknown,the same? because I moved and ten I I moved back I lost in contact with my dad [ really? ] and the next thing I knew that he was,dead,. I still don't know where he is now [ right ] to this day nah. I was gonna go on the telly you know erm what her name cilla,literal,he was dead
207,Stacey's_mother,White::British,said oh is your dad died and then I said alright I'm gonna bring some fruit up and that. and then when I gone there.. she was,dead,really? everyone just seems to be popping off you know. it's like my daughter does caring [ yeah ] a registered carer my,literal,she was dead
208,Stacey's_mother,White::British,your grandparents on on your mother side? do you remember them at all or? no cos I think they're all dor everyone of them's,dead,all my. mum's family and all that yeah how about as a child did did you see them? I used to see my cousins and that right okay,literal,everyone of them's dead
209,Monir,,like. for about ten ten twenty kicks yeah. and I thought I'm looking at him and he's not even moving xx I'm panicking is he,dead,or alive yeah and we left not knowing if he's dead or alive yeah we just left him there but x all night I was thinking is he,literal,is he dead or alive
210,Monir,,thought I'm looking at him and he's not even moving xx I'm panicking is he dead or alive yeah and we left not knowing if he's,dead,or alive yeah we just left him there but x all night I was thinking is he dead is he alive I was getting scared at what's gonna,literal,he's dead or alive
211,Monir,,or alive yeah and we left not knowing if he's dead or alive yeah we just left him there but x all night I was thinking is he,dead,is he alive I was getting scared at what's gonna happen and all that. and obviously I've just come back from bangladesh xx,literal,is he dead is he alive
212,Esther,White::British,need to come out with me one day ah ah trust me yeah come to my house on wednesday xxx next er thing weekend xx I'd be,dead,I'm out with a boy with you my mum would like . xxx been to her house . ah no trust me yeah my mates would love,literal,I'd be dead - re mum's reaction
213,Darren,,# I know .. my tutor's crap . I wanted to move but I can't why not? dunno come my tutor why. why did you want to move? cos it's,dead,who's in your tutor? me name name all the gay ones . no so who are your friends then in school have you [ er ] . are,evaluative,it's dead - re tutor/class boring
214,Christopher,,off? sometimes mm . do you? once we climbed out innit and we got caught by police like we all tried to run and we run into a,dead,end yeah #2 /what,literal,dead end - fixed compound
